Number of Coefficients,CV RMSE,CV AUC,CV treshold,CV expected Loss
12.0,0.3404154046143861,0.6491013037637816,M1,M1
19.0,0.3391105931233244,0.6670219901958244,M2,M2
33.0,0.3393666943471162,0.664182516356646,M3,M3
76.0,0.3337105145520316,0.7014931738652664,M4,M4
143.0,0.33316964422789763,0.7062080074620417,M5,M5
68.0,0.3324032133113784,0.7096338092422644,LASSO,LASSO
n.a.,0.3321189420007993,0.7174727516538578,RF,RF
