,Model,Avg of optimal thresholds,Threshold for Fold5,Avg expected loss,Expected loss for Fold5
0,M1,0.6657745083985539,0.4370273050957802,0.41755035634162196,0.4176885916016351
1,M2,0.7467405296109051,1.6230979271204113,0.4183680067231976,0.4236343366778149
2,M3,0.9481121362319207,0.48082507816994974,0.4182933812173427,0.42103307320698624
3,M4,0.5024316029795566,0.4898325774827964,0.4124230622906248,0.41917502787068006
4,M5,0.6004581216586409,0.6911800793038376,0.41234807787556677,0.42028985507246375
5,LASSO,0.513218777500443,0.5072510957505378,0.4130172502806394,0.4158305462653289
